{
    "counter": {
        "ACTIVE": 17463,
        "INACTIVE": 3536,
        "INVALID": 1,
        "MALICIOUS": 0,
        "SANE": 0,
        "VALID": 0,
        "total": 21000
    },
    "percentage": {
        "ACTIVE": 83.15714285714286,
        "INACTIVE": 16.838897090337635,
        "INVALID": 0.041425020712510356,
        "MALICIOUS": 0,
        "SANE": 0,
        "VALID": 0,
        "total": 100.037464968193
    }
}