{
    "counter": {
        "ACTIVE": 17902,
        "INACTIVE": 3097,
        "INVALID": 1,
        "MALICIOUS": 0,
        "SANE": 0,
        "VALID": 0,
        "total": 21000
    },
    "percentage": {
        "ACTIVE": 85.25167865136434,
        "INACTIVE": 14.747619047619047,
        "INVALID": 0.18975332068311196,
        "MALICIOUS": 0,
        "SANE": 0,
        "VALID": 0,
        "total": 100.1890510196665
    }
}