{
    "counter": {
        "ACTIVE": 19510,
        "INACTIVE": 1490,
        "INVALID": 0,
        "MALICIOUS": 0,
        "SANE": 0,
        "VALID": 0,
        "total": 21000
    },
    "percentage": {
        "ACTIVE": 92.9047619047619,
        "INACTIVE": 7.096927839961896,
        "INVALID": 0,
        "MALICIOUS": 0,
        "SANE": 0,
        "VALID": 0,
        "total": 100.00168974472379
    }
}