{
    "counter": {
        "ACTIVE": 17966,
        "INACTIVE": 3034,
        "INVALID": 0,
        "MALICIOUS": 0,
        "SANE": 0,
        "VALID": 0,
        "total": 21000
    },
    "percentage": {
        "ACTIVE": 85.55645506928902,
        "INACTIVE": 14.447619047619048,
        "INVALID": 0,
        "MALICIOUS": 0,
        "SANE": 0,
        "VALID": 0,
        "total": 100.00407411690806
    }
}