{
    "counter": {
        "ACTIVE": 16532,
        "INACTIVE": 4467,
        "INVALID": 1,
        "MALICIOUS": 0,
        "SANE": 0,
        "VALID": 0,
        "total": 21000
    },
    "percentage": {
        "ACTIVE": 78.72380952380952,
        "INACTIVE": 21.291706387035273,
        "INVALID": 0.0061854394754747325,
        "MALICIOUS": 0,
        "SANE": 0,
        "VALID": 0,
        "total": 100.02170135032027
    }
}