{
    "counter": {
        "ACTIVE": 17804,
        "INACTIVE": 3195,
        "INVALID": 1,
        "MALICIOUS": 0,
        "SANE": 0,
        "VALID": 0,
        "total": 21000
    },
    "percentage": {
        "ACTIVE": 84.78498976141721,
        "INACTIVE": 15.214285714285714,
        "INVALID": 0.18975332068311196,
        "MALICIOUS": 0,
        "SANE": 0,
        "VALID": 0,
        "total": 100.18902879638603
    }
}