{
    "counter": {
        "ACTIVE": 18327,
        "INACTIVE": 2672,
        "INVALID": 1,
        "MALICIOUS": 0,
        "SANE": 0,
        "VALID": 0,
        "total": 21000
    },
    "percentage": {
        "ACTIVE": 87.27558455164532,
        "INACTIVE": 12.723809523809523,
        "INVALID": 0.18975332068311196,
        "MALICIOUS": 0,
        "SANE": 0,
        "VALID": 0,
        "total": 100.18914739613795
    }
}