{
    "counter": {
        "ACTIVE": 17624,
        "INACTIVE": 3375,
        "INVALID": 1,
        "MALICIOUS": 0,
        "SANE": 0,
        "VALID": 0,
        "total": 21000
    },
    "percentage": {
        "ACTIVE": 83.9278060860041,
        "INACTIVE": 16.071428571428573,
        "INVALID": 0.18975332068311196,
        "MALICIOUS": 0,
        "SANE": 0,
        "VALID": 0,
        "total": 100.18898797811578
    }
}