{
    "counter": {
        "ACTIVE": 18087,
        "INACTIVE": 2912,
        "INVALID": 1,
        "MALICIOUS": 0,
        "SANE": 0,
        "VALID": 0,
        "total": 21000
    },
    "percentage": {
        "ACTIVE": 86.13267298442783,
        "INACTIVE": 13.866666666666667,
        "INVALID": 0.18975332068311196,
        "MALICIOUS": 0,
        "SANE": 0,
        "VALID": 0,
        "total": 100.1890929717776
    }
}